{"fx": 920.185791015625, "fy": 919.5846557617188, "ppx": 633.5930786132812, "ppy": 355.5630187988281}